ProductKey,ProductSubcategoryKey,ProductName,Size,Detail
211,16,100% Vegan Protein,5lbs,Coconut
212,18,Opti-Women Multivitamin,60 Capsules,Unknown
213,18,Men Multivitamin for Men,240 Tablets,Unknown
214,18,VITASTACK,30 Multi-Packs,Unknown
215,18,Women Multivitamin,120 Capsules,Unknown
216,18,Animal Pak Multivitamin,44 Packs,Unknown
217,18,Men Multivitamin for Men,90 Tablets,Unknown
218,9,Gym Sports Socks,M,Black
219,9,Gym Sports Socks,L,Black
220,18,Platinum Multivitamin For Her,90 Tablets,Unknown
221,18,Orange Triad,270 Tablets,Unknown
222,18,Adam Men's Multivitamin,180 Softgels,Unknown
223,10,Men's 3/4 Leggings,M,Black
224,10,Men's 3/4 Leggings,L,Black
225,10,Men's 3/4 Leggings,S,Black
226,7,Long-Sleeve Logo Jersey,S,Black
227,7,Long-Sleeve Logo Jersey,S,Red
228,7,Long-Sleeve Logo Jersey,S,White
229,7,Long-Sleeve Logo Jersey,M,Red
230,7,Long-Sleeve Logo Jersey,M,Black
231,7,Long-Sleeve Logo Jersey,M,White
232,7,Long-Sleeve Logo Jersey,L,Red
233,7,Long-Sleeve Logo Jersey,L,Black
234,7,Long-Sleeve Logo Jersey,L,White
235,7,Long-Sleeve Logo Jersey,XL,Red
236,7,Long-Sleeve Logo Jersey,XL,Black
237,7,Long-Sleeve Logo Jersey,XL,White
238,16,100% Vegan Protein,4lbs,Vanilla
239,16,100% Vegan Protein,4lbs,Peanut Butter
240,16,100% Vegan Protein,5lbs,Banana
241,16,100% Vegan Protein,4lbs,Cookies
242,16,100% Vegan Protein,4lbs,Chocolate
243,16,100% Vegan Protein,5lbs,Caramel Ice Cream
245,16,100% Vegan Protein,4lbs,Coconut
246,16,100% Vegan Protein,5lbs,Strawberry
253,3,PRO Weight Gainer,1lbs,Chocolate
254,3,PRO Weight Gainer,1lbs,Peanut Butter
255,3,Serious MASS Gainer,2lbs,Strawberry
256,4,TrueFit Grass-Fed Protein,5lbs,Natural
257,3,PRO Weight Gainer,1lbs,Chocolate
258,3,Serious MASS Gainer,2lbs,Capuccino
259,16,100% Vegan Protein,5lbs,Chocolate
260,16,100% Vegan Protein,5lbs,Peanut Butter
262,3,PRO Weight Gainer,1lbs,Cookies
263,3,PRO Weight Gainer,2lbs,Banana
264,3,PRO Weight Gainer,1lbs,Caramel Ice Cream
265,3,PRO Weight Gainer,2lbs,Peanut Butter
266,3,PRO Weight Gainer,1lbs,Coconut
267,3,PRO Weight Gainer,2lbs,Cookies
270,3,PRO Weight Gainer,1lbs,Vanilla
271,3,PRO Weight Gainer,2lbs,Coconut
272,3,PRO Weight Gainer,1lbs,Banana
273,3,PRO Weight Gainer,2lbs,Vanilla
275,3,PRO Weight Gainer,5lbs,Strawberry
276,3,PRO Weight Gainer,5lbs,Banana
279,4,MRE Meal Replacement Powder,5lbs,Natural
280,3,Serious MASS Gainer,1lbs,Capuccino
281,3,PRO Weight Gainer,2lbs,Chocolate
285,4,TrueFit Grass-Fed Protein,2lbs,Natural
286,3,PRO Weight Gainer,1lbs,Strawberry
287,3,PRO Weight Gainer,2lbs,Caramel Ice Cream
288,12,STEAK in Powder,4lbs,Cookies
289,16,100% Vegan Protein,4lbs,Banana
290,12,STEAK in Powder,5lbs,Peanut Butter
292,12,STEAK in Powder,5lbs,Chocolate
293,12,STEAK in Powder,4lbs,Coconut
294,16,100% Vegan Protein,4lbs,Caramel Ice Cream
295,16,100% Vegan Protein,5lbs,Capuccino
296,12,STEAK in Powder,4lbs,Vanilla
297,12,STEAK in Powder,4lbs,Chocolate
298,12,STEAK in Powder,5lbs,Vanilla
299,12,STEAK in Powder,5lbs,Caramel Ice Cream
300,12,STEAK in Powder,5lbs,Cookies
304,12,STEAK in Powder,4lbs,Banana
305,16,100% Vegan Protein,4lbs,Capuccino
306,12,STEAK in Powder,5lbs,Banana
307,12,STEAK in Powder,4lbs,Peanut Butter
308,16,100% Vegan Protein,4lbs,Strawberry
309,12,STEAK in Powder,5lbs,Coconut
310,17,Hydrolyzed Whey Protein,5lbs,Chocolate
311,17,Hydrolyzed Whey Protein,5lbs,Peanut Butter
312,17,Hydrolyzed Whey Protein,5lbs,Coconut
313,17,Hydrolyzed Whey Protein,5lbs,Cookies
314,17,Hydrolyzed Whey Protein,5lbs,Vanilla
315,17,Hydrolyzed Whey Protein,2lbs,Vanilla
316,17,Hydrolyzed Whey Protein,2lbs,Peanut Butter
317,17,Hydrolyzed Whey Protein,2lbs,Coconut
318,17,Hydrolyzed Whey Protein,2lbs,Cookies
319,17,Hydrolyzed Whey Protein,2lbs,Chocolate
320,13,Blended Protein,2lbs,Cookies
321,14,Pure Casein Protein,2lbs,Capuccino
322,13,Blended Protein,2lbs,Vanilla
323,17,Concentrate Whey Protein,2lbs,Caramel Ice Cream
324,13,Blended Protein,2lbs,Chocolate
325,17,Concentrate Whey Protein,2lbs,Cookies
326,13,Blended Protein,2lbs,Peanut Butter
327,15,100% Egg Protein,2lbs,Coconut
328,15,100% Egg Protein,2lbs,Capuccino
329,17,Concentrate Whey Protein,2lbs,Vanilla
330,13,Blended Protein,2lbs,Coconut
331,14,Pure Casein Protein,2lbs,Strawberry
332,15,100% Egg Protein,2lbs,Cookies
333,17,Concentrate Whey Protein,2lbs,Coconut
334,15,100% Egg Protein,2lbs,Strawberry
335,17,Concentrate Whey Protein,2lbs,Peanut Butter
336,15,100% Egg Protein,2lbs,Vanilla
337,14,Pure Casein Protein,2lbs,Caramel Ice Cream
338,15,100% Egg Protein,2lbs,Banana
339,17,Concentrate Whey Protein,2lbs,Chocolate
340,15,100% Egg Protein,2lbs,Caramel Ice Cream
341,14,Pure Casein Protein,2lbs,Banana
342,17,Hydrolyzed Whey Protein,1lbs,Banana
343,17,Concentrate Whey Protein,2lbs,Banana
344,17,Hydrolyzed Whey Protein,5lbs,Capuccino
345,17,Hydrolyzed Whey Protein,5lbs,Strawberry
346,17,Isolate Whey Protein,5lbs,Chocolate
347,17,Hydrolyzed Whey Protein,5lbs,Banana
348,17,Isolate Whey Protein,5lbs,Peanut Butter
349,17,Isolate Whey Protein,5lbs,Coconut
350,17,Hydrolyzed Whey Protein,5lbs,Caramel Ice Cream
351,17,Isolate Whey Protein,5lbs,Cookies
352,15,100% Egg Protein,5lbs,Banana
353,17,Concentrate Whey Protein,5lbs,Chocolate
354,15,100% Egg Protein,5lbs,Caramel Ice Cream
355,14,Pure Casein Protein,5lbs,Capuccino
356,15,100% Egg Protein,5lbs,Vanilla
357,14,Pure Casein Protein,5lbs,Strawberry
358,15,100% Egg Protein,5lbs,Strawberry
359,17,Concentrate Whey Protein,5lbs,Cookies
360,13,Blended Protein,5lbs,Chocolate
361,17,Concentrate Whey Protein,5lbs,Coconut
362,15,100% Egg Protein,5lbs,Capuccino
363,17,Concentrate Whey Protein,5lbs,Peanut Butter
364,17,Isolate Whey Protein,2lbs,Strawberry
365,17,Isolate Whey Protein,2lbs,Capuccino
366,17,Isolate Whey Protein,2lbs,Banana
367,17,Isolate Whey Protein,2lbs,Caramel Ice Cream
368,14,Pure Casein Protein,5lbs,Coconut
369,14,Pure Casein Protein,5lbs,Chocolate
370,17,Isolate Whey Protein,5lbs,Capuccino
371,17,Concentrate Whey Protein,5lbs,Strawberry
372,17,Isolate Whey Protein,5lbs,Strawberry
373,15,100% Egg Protein,5lbs,Chocolate
374,17,Isolate Whey Protein,5lbs,Caramel Ice Cream
375,17,Concentrate Whey Protein,5lbs,Capuccino
376,14,Pure Casein Protein,5lbs,Peanut Butter
377,17,Concentrate Whey Protein,5lbs,Banana
378,17,Isolate Whey Protein,5lbs,Banana
379,17,Concentrate Whey Protein,5lbs,Caramel Ice Cream
380,17,Isolate Whey Protein,5lbs,Vanilla
381,14,Pure Casein Protein,2lbs,Cookies
382,17,Isolate Whey Protein,2lbs,Coconut
383,14,Pure Casein Protein,2lbs,Chocolate
384,17,Isolate Whey Protein,2lbs,Cookies
385,14,Pure Casein Protein,2lbs,Peanut Butter
386,17,Isolate Whey Protein,2lbs,Chocolate
387,14,Pure Casein Protein,2lbs,Coconut
388,17,Isolate Whey Protein,2lbs,Peanut Butter
389,14,Pure Casein Protein,2lbs,Vanilla
390,17,Isolate Whey Protein,2lbs,Vanilla
391,4,ONE,10 packs,Natural
393,4,ONE,12 oz,Natural
394,2,MICROPURE GLUTAMINE,300 Grams,Unknown
395,1,RecoverMode Muscle Recovery,30 Servings,Unknown
396,4,ONE,24 oz,Natural
397,1,BCAA 2:1:1,400 Grams,Unknown
398,1,AminoLean Amino Acids,30 Servings,Unknown
399,1,BCAA Energy Amino Acids,65 Servings,Unknown
400,1,BCAA 5000,240 Capsules,Unknown
401,1,AMINOx BCAA,70 Servings,Unknown
402,1,Active BCAAs Powder,30 Servings,Unknown
403,1,HMB 1000 mg,90 Capsules,Unknown
404,1,LeanBCAA Fat Burner,30 Servings,Unknown
407,1,Xtend Original BCAA,90 Servings,Unknown
408,1,Essential AmiN.O. Energy,30 Servings,Unknown
409,3,Serious MASS Gainer,2lbs,Vanilla
410,1,Amino Build Next Gen Ripped,30 Servings,Unknown
411,4,ONE,3lbs,Natural
412,3,PRO Weight Gainer,1lbs,Capuccino
414,4,100% Keto Food,14 serv,Natural
415,3,Serious MASS Gainer,1lbs,Caramel Ice Cream
417,3,Serious MASS Gainer,5lbs,Cookies
418,3,PRO Weight Gainer,5lbs,Capuccino
419,1,In-Kaged Intra Workout,20 Servings,Unknown
420,4,Myolean Evolution,30 serv,Natural
421,3,Serious MASS Gainer,1lbs,Strawberry
422,1,BCAA Energy Amino Acids,30 Servings,Unknown
423,4,MRE Lite,1lbs,Natural
424,3,Serious MASS Gainer,2lbs,Coconut
426,3,Serious MASS Gainer,2lbs,Cookies
427,3,Serious MASS Gainer,2lbs,Banana
428,3,Serious MASS Gainer,2lbs,Caramel Ice Cream
429,3,Serious MASS Gainer,5lbs,Coconut
430,3,PRO Weight Gainer,5lbs,Caramel Ice Cream
433,3,Serious MASS Gainer,5lbs,Banana
434,3,Serious MASS Gainer,5lbs,Peanut Butter
435,3,Serious MASS Gainer,5lbs,Vanilla
436,3,Serious MASS Gainer,5lbs,Chocolate
439,12,STEAK in Powder,5lbs,Strawberry
440,16,100% Vegan Protein,5lbs,Cookies
441,12,STEAK in Powder,5lbs,Capuccino
442,16,100% Vegan Protein,5lbs,Vanilla
445,8,Men's Sports Shorts,S,Black
446,18,Women's Multivitamin + Antioxidants,120 Tablets,Unknown
447,18,Animal Pak Multivitamin,30 Packs,Unknown
448,18,Daily Formula,100 Tablets,Unknown
449,18,Multi Sport Men's Formula,120 Vegetable Capsules,Unknown
450,18,Anavite,180 Tablets,Unknown
453,8,Men's Sports Shorts,M,Black
454,8,Men's Sports Shorts,L,Black
455,8,Men's Sports Shorts,XL,Black
456,10,Women's Tights,S,Black
457,10,Women's Tights,M,Black
458,10,Women's Tights,L,Black
459,6,Men's Jacket,S,Black
460,6,Men's Jacket,M,Black
461,6,Men's Jacket,L,Black
462,5,Half-Finger Gloves,S,Black
463,5,Half-Finger Gloves,S,Black
464,5,Half-Finger Gloves,M,Black
465,5,Half-Finger Gloves,M,Black
466,5,Half-Finger Gloves,L,Black
467,5,Half-Finger Gloves,L,Black
468,5,Full-Finger Gloves,S,Black
469,5,Full-Finger Gloves,M,Black
470,5,Full-Finger Gloves,L,Black
471,11,Classic Vest,S,Black
472,11,Classic Vest,M,Black
473,11,Classic Vest,L,Black
474,8,Women's Gym Shorts,S,Black
475,8,Women's Gym Shorts,M,Black
476,8,Women's Gym Shorts,L,Black
477,18,VitaMode Multivitamin,120 Tablets (60 Days),Unknown
478,18,Platinum Multivitamin,90 Tablets,Unknown
479,18,VitaMode Multivitamin,60 Tablets (30 Days),Unknown
480,18,Vigor Male Multivitamin,30 Tablets,Unknown
481,9,Gym Socks,M,Black
482,9,Gym Socks,L,Black
483,18,Active Man,90 Tablets,Unknown
484,18,Signature Multivitamin,90 Tablets,Unknown
485,18,Opti-Men Multivitamin for Men,150 Tablets,Unknown
487,18,Women's MultiVitamin,120 Tablets,Unknown
488,7,Short-Sleeve Classic Jersey,S,Black
489,7,Short-Sleeve Classic Jersey,M,Black
490,7,Short-Sleeve Classic Jersey,L,Black
491,7,Short-Sleeve Classic Jersey,XL,Black
492,3,PRO Weight Gainer,5lbs,Peanut Butter
493,3,Serious MASS Gainer,1lbs,Banana
494,12,STEAK in Powder,4lbs,Strawberry
495,12,STEAK in Powder,4lbs,Caramel Ice Cream
496,3,PRO Weight Gainer,5lbs,Vanilla
497,3,PRO Weight Gainer,5lbs,Chocolate
498,12,STEAK in Powder,4lbs,Capuccino
499,3,PRO Weight Gainer,5lbs,Coconut
500,3,PRO Weight Gainer,5lbs,Cookies
501,1,Signature BCAA,30 Servings,Unknown
502,3,PRO Weight Gainer,2lbs,Strawberry
503,3,PRO Weight Gainer,2lbs,Chocolate
504,3,Serious MASS Gainer,1lbs,Peanut Butter
505,3,Serious MASS Gainer,1lbs,Chocolate
506,3,Serious MASS Gainer,1lbs,Vanilla
507,3,PRO Weight Gainer,2lbs,Capuccino
509,3,Serious MASS Gainer,1lbs,Cookies
510,3,Serious MASS Gainer,1lbs,Coconut
511,3,Serious MASS Gainer,2lbs,Peanut Butter
512,3,Serious MASS Gainer,5lbs,Strawberry
513,3,Serious MASS Gainer,2lbs,Chocolate
514,1,Amino Build Next Gen,50 Servings,Unknown
515,1,Alpha Amino,60 Servings,Unknown
516,1,XTEND Ripped,30 Servings,Unknown
517,1,FocusMode,30 Veggie Caps,Unknown
518,1,AMINOx BCAA,30 Servings,Unknown
520,1,Amino Build Next Gen,30 Servings,Unknown
521,1,Animal M-Stak,21 Packs,Unknown
522,1,BCAA 1000 mg,400 Capsules,Unknown
523,1,XTEND Sport,30 Servings,Unknown
524,4,Meal Replacement,40 packs,Natural
525,4,MRE Bar,12 bars,Natural
526,4,Meal Rep,5lbs,Natural
527,4,Lean Body MRP,5lbs,Natural
528,18,Adam Men's Multivitamin,90 Veg Capsules,Unknown
531,4,Carb Watchers Lean Body MRP,42 packs,Natural
532,4,Carb Watchers Lean Body MRP,20 packs,Natural
533,4,MRE Lite,2lbs,Natural
534,4,Ration Pack Meal Replacement,20 packs,Natural
542,1,AMINO SYNERGY,30 Serving,Unknown
543,1,BCAA Lean Energy,30 Servings,Unknown
544,2,MICROPURE GLUTAMINE,500 Grams,Unknown
545,1,Alpha Amino,30 Servings,Unknown
546,1,HYDRAMINO Electrolytes,60 Servings,Unknown
547,1,BCAA 5000,30 Servings,Unknown
548,1,BCAA 5000,60 Servings,Unknown
549,3,Serious MASS Gainer,5lbs,Capuccino
550,4,Victus Meal Replacement,5lbs,Natural
551,4,Lean Body MRP,2lbs,Natural
552,1,Essential AmiN.O. Energy,65 Servings,Unknown
553,2,L-Glutamine Capsules,240 Capsules,Unknown
554,1,Recovery Amino,30 Servings,Unknown
555,1,AminoLean Amino Acids,70 Servings,Unknown
556,4,Core MRP,2lbs,Natural
557,4,RAW Organic Meal,28 serv,Natural
558,3,Serious MASS Gainer,5lbs,Caramel Ice Cream
559,1,Alpha Amino,90 Servings,Unknown
560,17,Hydrolyzed Whey Protein,2lbs,Strawberry
561,15,100% Egg Protein,5lbs,Peanut Butter
562,15,100% Egg Protein,5lbs,Coconut
563,15,100% Egg Protein,5lbs,Cookies
564,17,Concentrate Whey Protein,5lbs,Vanilla
565,17,Hydrolyzed Whey Protein,1lbs,Chocolate
566,17,Hydrolyzed Whey Protein,1lbs,Strawberry
567,17,Hydrolyzed Whey Protein,1lbs,Caramel Ice Cream
568,17,Hydrolyzed Whey Protein,1lbs,Vanilla
569,17,Hydrolyzed Whey Protein,1lbs,Coconut
570,17,Hydrolyzed Whey Protein,1lbs,Capuccino
571,17,Isolate Whey Protein,1lbs,Caramel Ice Cream
572,17,Hydrolyzed Whey Protein,1lbs,Peanut Butter
573,14,Pure Casein Protein,5lbs,Banana
574,14,Pure Casein Protein,5lbs,Vanilla
575,14,Pure Casein Protein,5lbs,Cookies
576,14,Pure Casein Protein,5lbs,Caramel Ice Cream
577,17,Hydrolyzed Whey Protein,2lbs,Caramel Ice Cream
578,17,Hydrolyzed Whey Protein,2lbs,Banana
579,17,Hydrolyzed Whey Protein,2lbs,Capuccino
580,13,Blended Protein,5lbs,Cookies
581,13,Blended Protein,5lbs,Coconut
582,13,Blended Protein,5lbs,Peanut Butter
583,13,Blended Protein,5lbs,Vanilla
584,17,Isolate Whey Protein,1lbs,Strawberry
585,17,Isolate Whey Protein,1lbs,Banana
586,17,Hydrolyzed Whey Protein,1lbs,Cookies
587,17,Concentrate Whey Protein,2lbs,Capuccino
588,15,100% Egg Protein,2lbs,Peanut Butter
589,17,Concentrate Whey Protein,2lbs,Strawberry
590,15,100% Egg Protein,2lbs,Chocolate
591,14,Pure Casein Protein,1lbs,Capuccino
592,14,Pure Casein Protein,1lbs,Coconut
593,14,Pure Casein Protein,1lbs,Strawberry
594,14,Pure Casein Protein,1lbs,Peanut Butter
595,14,Pure Casein Protein,1lbs,Chocolate
596,17,Isolate Whey Protein,1lbs,Cookies
597,17,Isolate Whey Protein,1lbs,Capuccino
598,17,Isolate Whey Protein,1lbs,Chocolate
599,17,Isolate Whey Protein,1lbs,Vanilla
600,17,Isolate Whey Protein,1lbs,Peanut Butter
601,1,Xtend Original BCAA,30 Servings,Unknown
603,4,ONE,36 oz,Natural
604,17,Isolate Whey Protein,1lbs,Coconut
605,14,Pure Casein Protein,1lbs,Caramel Ice Cream
606,14,Pure Casein Protein,1lbs,Banana
